District,Day,Demand
M3C 0,01/01/2019,800
M3C 0,01/02/2019,1935
M3C 0,01/03/2019,1919
M3C 0,01/04/2019,2703
M3C 0,01/05/2019,1567
M3C 0,01/06/2019,1401
M3C 0,01/07/2019,2543
M3C 0,01/08/2019,3035
M3C 0,01/09/2019,3020
M3C 0,01/10/2019,2569
M3C 0,01/11/2019,2250
M3C 0,01/12/2019,1238
M3C 0,01/13/2019,1019
M3C 0,01/14/2019,3020
M3C 0,01/15/2019,3034
M3C 0,01/16/2019,2563
M3C 0,01/17/2019,2679
M3C 0,01/18/2019,2432
M3C 0,01/19/2019,417
M3C 0,01/20/2019,181
M3C 0,01/21/2019,739
M3C 0,01/22/2019,1373
M3C 0,01/23/2019,1234
M3C 0,01/24/2019,2082
M3C 0,01/25/2019,2104
M3C 0,01/26/2019,962
M3C 0,01/27/2019,304
M3C 0,01/28/2019,492
M3C 0,01/29/2019,295
M3C 0,01/30/2019,539
M3C 0,01/31/2019,605
M3C 0,02/01/2019,843
M3C 0,02/02/2019,657
M3C 0,02/03/2019,834
M3C 0,02/04/2019,2225
M3C 0,02/05/2019,2588
M3C 0,02/06/2019,473
M3C 0,02/07/2019,1264
M3C 0,02/08/2019,1529
M3C 0,02/09/2019,831
M3C 0,02/10/2019,766
M3C 0,02/11/2019,1755
M3C 0,02/12/2019,261
M3C 0,02/13/2019,474
M3C 0,02/14/2019,1262
M3C 0,02/15/2019,1435
M3C 0,02/16/2019,732
M3C 0,02/17/2019,501
M3C 0,02/18/2019,356
M3C 0,02/19/2019,1706
M3C 0,02/20/2019,1746
M3C 0,02/21/2019,2026
M3C 0,02/22/2019,2283
M3C 0,02/23/2019,1227
M3C 0,02/24/2019,762
M3C 0,02/25/2019,1583
M3C 0,02/26/2019,1955
M3C 0,02/27/2019,326
M3C 0,02/28/2019,1023
M3C 0,03/01/2019,1672
M3C 0,03/02/2019,589
M3C 0,03/03/2019,733
M3C 0,03/04/2019,1516
M3C 0,03/05/2019,1623
M3C 0,03/06/2019,1716
M3C 0,03/07/2019,1817
M3C 0,03/08/2019,2077
M3C 0,03/09/2019,1185
M3C 0,03/10/2019,691
M3C 0,03/11/2019,2252
M3C 0,03/12/2019,2739
M3C 0,03/13/2019,2755
M3C 0,03/14/2019,2646
M3C 0,03/15/2019,2915
M3C 0,03/16/2019,1387
M3C 0,03/17/2019,1383
M3C 0,03/18/2019,3199
M3C 0,03/19/2019,3393
M3C 0,03/20/2019,3922
M3C 0,03/21/2019,3622
M3C 0,03/22/2019,2909
M3C 0,03/23/2019,1848
M3C 0,03/24/2019,1881
M3C 0,03/25/2019,3415
M3C 0,03/26/2019,3705
M3C 0,03/27/2019,4018
M3C 0,03/28/2019,3592
M3C 0,03/29/2019,4449
M3C 0,03/30/2019,720
M3C 0,03/31/2019,806
M3C 0,04/01/2019,3463
M3C 0,04/02/2019,4027
M3C 0,04/03/2019,3875
M3C 0,04/04/2019,4029
M3C 0,04/05/2019,3301
M3C 0,04/06/2019,3536
M3C 0,04/07/2019,2749
M3C 0,04/08/2019,4581
M3C 0,04/09/2019,4510
M3C 0,04/10/2019,4404
M3C 0,04/11/2019,3270
M3C 0,04/12/2019,4274
M3C 0,04/13/2019,4376
M3C 0,04/14/2019,833
M3C 0,04/15/2019,3601
M3C 0,04/16/2019,4110
M3C 0,04/17/2019,5196
M3C 0,04/18/2019,5014
M3C 0,04/19/2019,1007
M3C 0,04/20/2019,1102
M3C 0,04/21/2019,2832
M3C 0,04/22/2019,4870
M3C 0,04/23/2019,4773
M3C 0,04/24/2019,5318
M3C 0,04/25/2019,5612
M3C 0,04/26/2019,2857
M3C 0,04/27/2019,2551
M3C 0,04/28/2019,3418
M3C 0,04/29/2019,3597
M3C 0,04/30/2019,4634
M3C 0,05/01/2019,2333
M3C 0,05/02/2019,4339
M3C 0,05/03/2019,3414
M3C 0,05/04/2019,3115
M3C 0,05/05/2019,5092
M3C 0,05/06/2019,5860
M3C 0,05/07/2019,5545
M3C 0,05/08/2019,5685
M3C 0,05/09/2019,3828
M3C 0,05/10/2019,4783
M3C 0,05/11/2019,4222
M3C 0,05/12/2019,1585
M3C 0,05/13/2019,1928
M3C 0,05/14/2019,5130
M3C 0,05/15/2019,5489
M3C 0,05/16/2019,5650
M3C 0,05/17/2019,6276
M3C 0,05/18/2019,4127
M3C 0,05/19/2019,4861
M3C 0,05/20/2019,4100
M3C 0,05/21/2019,7131
M3C 0,05/22/2019,5822
M3C 0,05/23/2019,6571
M3C 0,05/24/2019,7305
M3C 0,05/25/2019,2990
M3C 0,05/26/2019,6938
M3C 0,05/27/2019,7521
M3C 0,05/28/2019,4755
M3C 0,05/29/2019,6315
M3C 0,05/30/2019,7314
M3C 0,05/31/2019,7535
M3C 0,06/01/2019,5117
M3C 0,06/02/2019,5756
M3C 0,06/03/2019,6668
M3C 0,06/04/2019,6379
M3C 0,06/05/2019,3794
M3C 0,06/06/2019,7746
M3C 0,06/07/2019,8264
M3C 0,06/08/2019,7959
M3C 0,06/09/2019,6366
M3C 0,06/10/2019,3139
M3C 0,06/11/2019,8011
M3C 0,06/12/2019,7963
M3C 0,06/13/2019,3680
M3C 0,06/14/2019,8683
M3C 0,06/15/2019,5235
M3C 0,06/16/2019,5566
M3C 0,06/17/2019,9275
M3C 0,06/18/2019,8617
M3C 0,06/19/2019,8777
M3C 0,06/20/2019,4769
M3C 0,06/21/2019,8568
M3C 0,06/22/2019,7932
M3C 0,06/23/2019,7258
M3C 0,06/24/2019,7843
M3C 0,06/25/2019,8678
M3C 0,06/26/2019,8348
M3C 0,06/27/2019,8885
M3C 0,06/28/2019,6953
M3C 0,06/29/2019,6679
M3C 0,06/30/2019,7144
M3C 0,07/01/2019,7742
M3C 0,07/02/2019,7835
M3C 0,07/03/2019,8911
M3C 0,07/04/2019,9203
M3C 0,07/05/2019,8941
M3C 0,07/06/2019,5976
M3C 0,07/07/2019,6790
M3C 0,07/08/2019,8004
M3C 0,07/09/2019,8635
M3C 0,07/10/2019,9056
M3C 0,07/11/2019,8242
M3C 0,07/12/2019,8841
M3C 0,07/13/2019,6327
M3C 0,07/14/2019,7017
M3C 0,07/15/2019,8108
M3C 0,07/16/2019,7711
M3C 0,07/17/2019,5349
M3C 0,07/18/2019,8399
M3C 0,07/19/2019,7704
M3C 0,07/20/2019,5791
M3C 0,07/21/2019,6266
M3C 0,07/22/2019,7331
M3C 0,07/23/2019,8825
M3C 0,07/24/2019,9044
M3C 0,07/25/2019,8505
M3C 0,07/26/2019,9016
M3C 0,07/27/2019,7130
M3C 0,07/28/2019,6367
M3C 0,07/29/2019,8161
M3C 0,07/30/2019,6375
M3C 0,07/31/2019,9119
M3C 0,08/01/2019,9108
M3C 0,08/02/2019,8250
M3C 0,08/03/2019,6576
M3C 0,08/04/2019,6871
M3C 0,08/05/2019,6415
M3C 0,08/06/2019,6760
M3C 0,08/07/2019,10819
M3C 0,08/08/2019,8404
M3C 0,08/09/2019,8501
M3C 0,08/10/2019,7177
M3C 0,08/11/2019,6672
M3C 0,08/12/2019,7316
M3C 0,08/13/2019,9009
M3C 0,08/14/2019,12348
M3C 0,08/15/2019,8732
M3C 0,08/16/2019,9038
M3C 0,08/17/2019,4692
M3C 0,08/18/2019,5378
M3C 0,08/19/2019,8443
M3C 0,08/20/2019,8464
M3C 0,08/21/2019,11034
M3C 0,08/22/2019,8934
M3C 0,08/23/2019,8532
M3C 0,08/24/2019,6788
M3C 0,08/25/2019,6080
M3C 0,08/26/2019,8150
M3C 0,08/27/2019,5420
M3C 0,08/28/2019,11279
M3C 0,08/29/2019,8616
M3C 0,08/30/2019,8236
M3C 0,08/31/2019,6437
M3C 0,09/01/2019,3830
M3C 0,09/02/2019,5635
M3C 0,09/03/2019,7259
M3C 0,09/04/2019,8028
M3C 0,09/05/2019,8157
M3C 0,09/06/2019,6783
M3C 0,09/07/2019,5984
M3C 0,09/08/2019,5083
M3C 0,09/09/2019,7697
M3C 0,09/10/2019,8067
M3C 0,09/11/2019,8255
M3C 0,09/12/2019,7929
M3C 0,09/13/2019,7084
M3C 0,09/14/2019,6266
M3C 0,09/15/2019,3168
M3C 0,09/16/2019,7039
M3C 0,09/17/2019,8171
M3C 0,09/18/2019,8212
M3C 0,09/19/2019,8226
M3C 0,09/20/2019,8365
M3C 0,09/21/2019,6798
M3C 0,09/22/2019,5448
M3C 0,09/23/2019,7223
M3C 0,09/24/2019,8057
M3C 0,09/25/2019,7905
M3C 0,09/26/2019,6842
M3C 0,09/27/2019,7719
M3C 0,09/28/2019,3694
M3C 0,09/29/2019,4274
M3C 0,09/30/2019,7050
M3C 0,10/01/2019,5819
M3C 0,10/02/2019,4980
M3C 0,10/03/2019,4351
M3C 0,10/04/2019,6220
M3C 0,10/05/2019,4365
M3C 0,10/06/2019,4215
M3C 0,10/07/2019,6926
M3C 0,10/08/2019,7103
M3C 0,10/09/2019,6976
M3C 0,10/10/2019,7134
M3C 0,10/11/2019,6763
M3C 0,10/12/2019,3713
M3C 0,10/13/2019,3754
M3C 0,10/14/2019,2795
M3C 0,10/15/2019,6256
M3C 0,10/16/2019,3890
M3C 0,10/17/2019,5462
M3C 0,10/18/2019,5918
M3C 0,10/19/2019,4355
M3C 0,10/20/2019,4866
M3C 0,10/21/2019,6165
M3C 0,10/22/2019,4681
M3C 0,10/23/2019,6251
M3C 0,10/24/2019,6211
M3C 0,10/25/2019,5940
M3C 0,10/26/2019,3760
M3C 0,10/27/2019,2266
M3C 0,10/28/2019,6365
M3C 0,10/29/2019,6442
M3C 0,10/30/2019,3595
M3C 0,10/31/2019,2530
M3C 0,11/01/2019,4264
M3C 0,11/02/2019,2137
M3C 0,11/03/2019,2272
M3C 0,11/04/2019,4383
M3C 0,11/05/2019,4987
M3C 0,11/06/2019,4387
M3C 0,11/07/2019,3767
M3C 0,11/08/2019,3886
M3C 0,11/09/2019,2124
M3C 0,11/10/2019,2058
M3C 0,11/11/2019,1374
M3C 0,11/12/2019,1185
M3C 0,11/13/2019,1630
M3C 0,11/14/2019,2214
M3C 0,11/15/2019,2876
M3C 0,11/16/2019,1466
M3C 0,11/17/2019,1717
M3C 0,11/18/2019,2711
M3C 0,11/19/2019,3803
M3C 0,11/20/2019,4359
M3C 0,11/21/2019,3588
M3C 0,11/22/2019,3802
M3C 0,11/23/2019,2299
M3C 0,11/24/2019,2052
M3C 0,11/25/2019,4268
M3C 0,11/26/2019,4853
M3C 0,11/27/2019,3152
M3C 0,11/28/2019,4056
M3C 0,11/29/2019,3743
M3C 0,11/30/2019,1931
M3C 0,12/01/2019,324
M3C 0,12/02/2019,903
M3C 0,12/03/2019,1911
M3C 0,12/04/2019,2510
M3C 0,12/05/2019,2753
M3C 0,12/06/2019,1517
M3C 0,12/07/2019,1156
M3C 0,12/08/2019,1288
M3C 0,12/09/2019,2582
M3C 0,12/10/2019,3124
M3C 0,12/11/2019,2713
M3C 0,12/12/2019,2789
M3C 0,12/13/2019,3371
M3C 0,12/14/2019,699
M3C 0,12/15/2019,1201
M3C 0,12/16/2019,3005
M3C 0,12/17/2019,3129
M3C 0,12/18/2019,1932
M3C 0,12/19/2019,1405
M3C 0,12/20/2019,1857
M3C 0,12/21/2019,1230
M3C 0,12/22/2019,1175
M3C 0,12/23/2019,2132
M3C 0,12/24/2019,1486
M3C 0,12/25/2019,513
M3C 0,12/26/2019,789
M3C 0,12/27/2019,1680
M3C 0,12/28/2019,1478
M3C 0,12/29/2019,604
M3C 0,12/30/2019,1574
M3C 0,12/31/2019,1260
M3C 0,01/01/2020,726
M3C 0,01/02/2020,2444
M3C 0,01/03/2020,2902
M3C 0,01/04/2020,1412
M3C 0,01/05/2020,1202
M3C 0,01/06/2020,2501
M3C 0,01/07/2020,3130
M3C 0,01/08/2020,2384
M3C 0,01/09/2020,2385
M3C 0,01/10/2020,2909
M3C 0,01/11/2020,501
M3C 0,01/12/2020,1108
M3C 0,01/13/2020,2717
M3C 0,01/14/2020,3198
M3C 0,01/15/2020,3662
M3C 0,01/16/2020,3286
M3C 0,01/17/2020,2328
M3C 0,01/18/2020,367
M3C 0,01/19/2020,479
M3C 0,01/20/2020,1449
M3C 0,01/21/2020,1883
M3C 0,01/22/2020,2337
M3C 0,01/23/2020,2726
M3C 0,01/24/2020,2302
M3C 0,01/25/2020,995
M3C 0,01/26/2020,1168
M3C 0,01/27/2020,3201
M3C 0,01/28/2020,3253
M3C 0,01/29/2020,3093
M3C 0,01/30/2020,3107
M3C 0,01/31/2020,3096
M3C 0,02/01/2020,1488
M3C 0,02/02/2020,667
M3C 0,02/03/2020,3521
M3C 0,02/04/2020,3582
M3C 0,02/05/2020,3119
M3C 0,02/06/2020,1445
M3C 0,02/07/2020,1265
M3C 0,02/08/2020,955
M3C 0,02/09/2020,963
M3C 0,02/10/2020,2608
M3C 0,02/11/2020,3210
M3C 0,02/12/2020,3347
M3C 0,02/13/2020,2168
M3C 0,02/14/2020,1745
M3C 0,02/15/2020,1194
M3C 0,02/16/2020,1427
M3C 0,02/17/2020,1222
M3C 0,02/18/2020,2091
M3C 0,02/19/2020,2817
M3C 0,02/20/2020,2813
M3C 0,02/21/2020,2782
M3C 0,02/22/2020,2139
M3C 0,02/23/2020,2270
M3C 0,02/24/2020,4121
M3C 0,02/25/2020,3543
M3C 0,02/26/2020,1886
M3C 0,02/27/2020,1122
M3C 0,02/28/2020,1808
M3C 0,02/29/2020,1104
M3C 0,03/01/2020,1490
M3C 0,03/02/2020,2725
M3C 0,03/03/2020,2665
M3C 0,03/04/2020,3759
M3C 0,03/05/2020,3983
M3C 0,03/06/2020,3184
M3C 0,03/07/2020,2204
M3C 0,03/08/2020,2819
M3C 0,03/09/2020,4672
M3C 0,03/10/2020,3136
M3C 0,03/11/2020,3743
M3C 0,03/12/2020,3719
M3C 0,03/13/2020,2983
M3C 0,03/14/2020,1872
M3C 0,03/15/2020,1838
M3C 0,03/16/2020,2139
M3C 0,03/17/2020,1625
M3C 0,03/18/2020,1340
M3C 0,03/19/2020,1476
M3C 0,03/20/2020,1356
M3C 0,03/21/2020,1117
M3C 0,03/22/2020,958
M3C 0,03/23/2020,556
M3C 0,03/24/2020,1096
M3C 0,03/25/2020,1058
M3C 0,03/26/2020,1099
M3C 0,03/27/2020,1262
M3C 0,03/28/2020,731
M3C 0,03/29/2020,1130
M3C 0,03/30/2020,638
M3C 0,03/31/2020,782
M3C 0,04/01/2020,1264
M3C 0,04/02/2020,1386
M3C 0,04/03/2020,1056
M3C 0,04/04/2020,1097
M3C 0,04/05/2020,1540
M3C 0,04/06/2020,1227
M3C 0,04/07/2020,1035
M3C 0,04/08/2020,1399
M3C 0,04/09/2020,1135
M3C 0,04/10/2020,862
M3C 0,04/11/2020,1400
M3C 0,04/12/2020,984
M3C 0,04/13/2020,583
M3C 0,04/14/2020,923
M3C 0,04/15/2020,901
M3C 0,04/16/2020,885
M3C 0,04/17/2020,1001
M3C 0,04/18/2020,1658
M3C 0,04/19/2020,938
M3C 0,04/20/2020,1061
M3C 0,04/21/2020,683
M3C 0,04/22/2020,1168
M3C 0,04/23/2020,970
M3C 0,04/24/2020,1201
M3C 0,04/25/2020,2536
M3C 0,04/26/2020,722
M3C 0,04/27/2020,1584
M3C 0,04/28/2020,1291
M3C 0,04/29/2020,973
M3C 0,04/30/2020,919
M3C 0,05/01/2020,1873
M3C 0,05/02/2020,1855
M3C 0,05/03/2020,4805
M3C 0,05/04/2020,1554
M3C 0,05/05/2020,1587
M3C 0,05/06/2020,2005
M3C 0,05/07/2020,1478
M3C 0,05/08/2020,1337
M3C 0,05/09/2020,978
M3C 0,05/10/2020,1226
M3C 0,05/11/2020,929
M3C 0,05/12/2020,1280
M3C 0,05/13/2020,2060
M3C 0,05/14/2020,1038
M3C 0,05/15/2020,1361
M3C 0,05/16/2020,4961
M3C 0,05/17/2020,2430
M3C 0,05/18/2020,670
M3C 0,05/19/2020,1729
M3C 0,05/20/2020,3200
M3C 0,05/21/2020,3160
M3C 0,05/22/2020,3964
M3C 0,05/23/2020,7561
M3C 0,05/24/2020,5295
M3C 0,05/25/2020,3670
M3C 0,05/26/2020,3634
M3C 0,05/27/2020,4059
M3C 0,05/28/2020,1735
M3C 0,05/29/2020,2157
M3C 0,05/30/2020,5141
M3C 0,05/31/2020,4939
M3C 0,06/01/2020,3815
M3C 0,06/02/2020,3178
M3C 0,06/03/2020,3417
M3C 0,06/04/2020,4248
M3C 0,06/05/2020,3604
M3C 0,06/06/2020,6822
M3C 0,06/07/2020,6689
M3C 0,06/08/2020,4467
M3C 0,06/09/2020,5041
M3C 0,06/10/2020,4027
M3C 0,06/11/2020,4311
M3C 0,06/12/2020,4737
M3C 0,06/13/2020,6950
M3C 0,06/14/2020,6272
M3C 0,06/15/2020,4163
M3C 0,06/16/2020,5078
M3C 0,06/17/2020,5050
M3C 0,06/18/2020,4989
M3C 0,06/19/2020,5751
M3C 0,06/20/2020,7633
M3C 0,06/21/2020,6177
M3C 0,06/22/2020,4194
M3C 0,06/23/2020,3386
M3C 0,06/24/2020,4896
M3C 0,06/25/2020,5099
M3C 0,06/26/2020,6237
M3C 0,06/27/2020,7084
M3C 0,06/28/2020,7557
M3C 0,06/29/2020,5400
M3C 0,06/30/2020,5771
M3C 0,07/01/2020,7693
M3C 0,07/02/2020,5510
M3C 0,07/03/2020,5968
M3C 0,07/04/2020,7690
M3C 0,07/05/2020,6969
M3C 0,07/06/2020,5572
M3C 0,07/07/2020,5731
M3C 0,07/08/2020,5380
M3C 0,07/09/2020,5873
M3C 0,07/10/2020,6241
M3C 0,07/11/2020,4265
M3C 0,07/12/2020,7165
M3C 0,07/13/2020,5649
M3C 0,07/14/2020,6569
M3C 0,07/15/2020,6488
M3C 0,07/16/2020,4338
M3C 0,07/17/2020,7320
M3C 0,07/18/2020,9206
M3C 0,07/19/2020,5524
M3C 0,07/20/2020,6162
M3C 0,07/21/2020,6306
M3C 0,07/22/2020,4336
M3C 0,07/23/2020,6689
M3C 0,07/24/2020,6953
M3C 0,07/25/2020,8601
M3C 0,07/26/2020,7068
M3C 0,07/27/2020,5045
M3C 0,07/28/2020,6070
M3C 0,07/29/2020,6331
M3C 0,07/30/2020,6513
M3C 0,07/31/2020,7006
M3C 0,08/01/2020,8467
M3C 0,08/02/2020,3565
M3C 0,08/03/2020,4838
M3C 0,08/04/2020,4222
M3C 0,08/05/2020,6963
M3C 0,08/06/2020,7071
M3C 0,08/07/2020,7584
M3C 0,08/08/2020,9247
M3C 0,08/09/2020,7632
M3C 0,08/10/2020,6277
M3C 0,08/11/2020,6621
M3C 0,08/12/2020,7115
M3C 0,08/13/2020,7306
M3C 0,08/14/2020,7754
M3C 0,08/15/2020,9331
M3C 0,08/16/2020,6331
M3C 0,08/17/2020,5361
M3C 0,08/18/2020,7008
M3C 0,08/19/2020,7656
M3C 0,08/20/2020,8011
M3C 0,08/21/2020,7968
M3C 0,08/22/2020,9657
M3C 0,08/23/2020,8344
M3C 0,08/24/2020,7198
M3C 0,08/25/2020,7616
M3C 0,08/26/2020,6160
M3C 0,08/27/2020,6982
M3C 0,08/28/2020,8040
M3C 0,08/29/2020,8025
M3C 0,08/30/2020,8528
M3C 0,08/31/2020,6927
M3C 0,09/01/2020,7114
M3C 0,09/02/2020,7445
M3C 0,09/03/2020,7346
M3C 0,09/04/2020,7977
M3C 0,09/05/2020,8694
M3C 0,09/06/2020,9797
M3C 0,09/07/2020,5333
M3C 0,09/08/2020,5698
M3C 0,09/09/2020,6640
M3C 0,09/10/2020,6627
M3C 0,09/11/2020,6908
M3C 0,09/12/2020,7925
M3C 0,09/13/2020,6500
M3C 0,09/14/2020,5830
M3C 0,09/15/2020,5914
M3C 0,09/16/2020,7820
M3C 0,09/17/2020,6270
M3C 0,09/18/2020,6138
M3C 0,09/19/2020,6839
M3C 0,09/20/2020,6337
M3C 0,09/21/2020,5442
M3C 0,09/22/2020,5597
M3C 0,09/23/2020,8226
M3C 0,09/24/2020,5775
M3C 0,09/25/2020,6908
M3C 0,09/26/2020,8552
M3C 0,09/27/2020,7274
M3C 0,09/28/2020,5868
M3C 0,09/29/2020,5247
M3C 0,09/30/2020,4874
M3C 0,10/01/2020,5567
M3C 0,10/02/2020,5221
M3C 0,10/03/2020,5855
M3C 0,10/04/2020,2791
M3C 0,10/05/2020,4994
M3C 0,10/06/2020,5075
M3C 0,10/07/2020,4333
M3C 0,10/08/2020,4275
M3C 0,10/09/2020,5677
M3C 0,10/10/2020,5636
M3C 0,10/11/2020,3574
M3C 0,10/12/2020,3448
M3C 0,10/13/2020,4766
M3C 0,10/14/2020,4836
M3C 0,10/15/2020,2232
M3C 0,10/16/2020,4763
M3C 0,10/17/2020,5315
M3C 0,10/18/2020,3740
M3C 0,10/19/2020,2507
M3C 0,10/20/2020,3929
M3C 0,10/21/2020,3742
M3C 0,10/22/2020,3757
M3C 0,10/23/2020,5421
M3C 0,10/24/2020,4370
M3C 0,10/25/2020,3028
M3C 0,10/26/2020,2986
M3C 0,10/27/2020,2549
M3C 0,10/28/2020,4223
M3C 0,10/29/2020,3491
M3C 0,10/30/2020,3372
M3C 0,10/31/2020,3675
M3C 0,11/01/2020,1876
M3C 0,11/02/2020,2403
M3C 0,11/03/2020,2997
M3C 0,11/04/2020,4111
M3C 0,11/05/2020,4229
M3C 0,11/06/2020,4878
M3C 0,11/07/2020,6666
M3C 0,11/08/2020,5516
M3C 0,11/09/2020,4209
M3C 0,11/10/2020,5324
M3C 0,11/11/2020,4577
M3C 0,11/12/2020,3532
M3C 0,11/13/2020,3368
M3C 0,11/14/2020,3669
M3C 0,11/15/2020,1365
M3C 0,11/16/2020,2560
M3C 0,11/17/2020,2573
M3C 0,11/18/2020,2734
M3C 0,11/19/2020,3534
M3C 0,11/20/2020,4596
M3C 0,11/21/2020,3193
M3C 0,11/22/2020,721
M3C 0,11/23/2020,1788
M3C 0,11/24/2020,1937
M3C 0,11/25/2020,1768
M3C 0,11/26/2020,2508
M3C 0,11/27/2020,2791
M3C 0,11/28/2020,2673
M3C 0,11/29/2020,2418
M3C 0,11/30/2020,929
M3C 0,12/01/2020,981
M3C 0,12/02/2020,1995
M3C 0,12/03/2020,2236
M3C 0,12/04/2020,1673
M3C 0,12/05/2020,1966
M3C 0,12/06/2020,1712
M3C 0,12/07/2020,1647
M3C 0,12/08/2020,1969
M3C 0,12/09/2020,1431
M3C 0,12/10/2020,2169
M3C 0,12/11/2020,2506
M3C 0,12/12/2020,1183
M3C 0,12/13/2020,1585
M3C 0,12/14/2020,1711
M3C 0,12/15/2020,1729
M3C 0,12/16/2020,1359
M3C 0,12/17/2020,1627
M3C 0,12/18/2020,2014
M3C 0,12/19/2020,1424
M3C 0,12/20/2020,1493
M3C 0,12/21/2020,1870
M3C 0,12/22/2020,2005
M3C 0,12/23/2020,2199
M3C 0,12/24/2020,1098
M3C 0,12/25/2020,402
M3C 0,12/26/2020,529
M3C 0,12/27/2020,803
M3C 0,12/28/2020,1151
M3C 0,12/29/2020,1423
M3C 0,12/30/2020,872
M3C 0,12/31/2020,1678
M3C 0,01/01/2021,891
M3C 0,01/02/2021,993
M3C 0,01/03/2021,999
M3C 0,01/04/2021,1609
M3C 0,01/05/2021,1481
M3C 0,01/06/2021,1717
M3C 0,01/07/2021,1912
M3C 0,01/08/2021,1949
M3C 0,01/09/2021,1908
M3C 0,01/10/2021,1371
M3C 0,01/11/2021,1599
M3C 0,01/12/2021,1511
M3C 0,01/13/2021,1928
M3C 0,01/14/2021,1884
M3C 0,01/15/2021,1606
M3C 0,01/16/2021,2152
M3C 0,01/17/2021,1664
M3C 0,01/18/2021,1568
M3C 0,01/19/2021,1597
M3C 0,01/20/2021,1457
M3C 0,01/21/2021,1751
M3C 0,01/22/2021,1564
M3C 0,01/23/2021,1193
M3C 0,01/24/2021,1191
M3C 0,01/25/2021,1603
M3C 0,01/26/2021,538
M3C 0,01/27/2021,879
M3C 0,01/28/2021,937
M3C 0,01/29/2021,1134
M3C 0,01/30/2021,1116
M3C 0,01/31/2021,668
M3C 0,02/01/2021,1072
M3C 0,02/02/2021,1184
M3C 0,02/03/2021,1321
M3C 0,02/04/2021,1525
M3C 0,02/05/2021,1109
M3C 0,02/06/2021,948
M3C 0,02/07/2021,776
M3C 0,02/08/2021,1034
M3C 0,02/09/2021,1115
M3C 0,02/10/2021,1173
M3C 0,02/11/2021,1244
M3C 0,02/12/2021,897
M3C 0,02/13/2021,692
M3C 0,02/14/2021,1001
M3C 0,02/15/2021,750
M3C 0,02/16/2021,378
M3C 0,02/17/2021,844
M3C 0,02/18/2021,736
M3C 0,02/19/2021,569
M3C 0,02/20/2021,818
M3C 0,02/21/2021,967
M3C 0,02/22/2021,704
M3C 0,02/23/2021,1145
M3C 0,02/24/2021,1462
M3C 0,02/25/2021,1515
M3C 0,02/26/2021,1762
M3C 0,02/27/2021,1873
M3C 0,02/28/2021,1242
M3C 0,03/01/2021,1117
M3C 0,03/02/2021,1293
M3C 0,03/03/2021,1863
M3C 0,03/04/2021,1483
M3C 0,03/05/2021,1513
M3C 0,03/06/2021,1417
M3C 0,03/07/2021,1643
M3C 0,03/08/2021,1779
M3C 0,03/09/2021,2448
M3C 0,03/10/2021,2808
M3C 0,03/11/2021,2395
M3C 0,03/12/2021,2177
M3C 0,03/13/2021,2650
M3C 0,03/14/2021,1415
M3C 0,03/15/2021,1635
M3C 0,03/16/2021,1814
M3C 0,03/17/2021,2416
M3C 0,03/18/2021,1946
M3C 0,03/19/2021,2208
M3C 0,03/20/2021,4169
M3C 0,03/21/2021,3561
M3C 0,03/22/2021,3103
M3C 0,03/23/2021,3473
M3C 0,03/24/2021,2866
M3C 0,03/25/2021,3983
M3C 0,03/26/2021,2282
M3C 0,03/27/2021,2905
M3C 0,03/28/2021,1447
M3C 0,03/29/2021,2456
M3C 0,03/30/2021,3946
M3C 0,03/31/2021,2612
M3C 0,04/01/2021,2265
M3C 0,04/02/2021,2246
M3C 0,04/03/2021,2390
M3C 0,04/04/2021,4626
M3C 0,04/05/2021,2906
M3C 0,04/06/2021,3147
M3C 0,04/07/2021,3886
M3C 0,04/08/2021,4206
M3C 0,04/09/2021,3462
M3C 0,04/10/2021,6655
M3C 0,04/11/2021,2143
M3C 0,04/12/2021,1558
M3C 0,04/13/2021,3179
M3C 0,04/14/2021,3806
M3C 0,04/15/2021,2712
M3C 0,04/16/2021,2715
M3C 0,04/17/2021,3903
M3C 0,04/18/2021,3926
M3C 0,04/19/2021,1397
M3C 0,04/20/2021,2174
M3C 0,04/21/2021,1653
M3C 0,04/22/2021,2118
M3C 0,04/23/2021,4604
M3C 0,04/24/2021,6394
M3C 0,04/25/2021,3603
M3C 0,04/26/2021,2803
M3C 0,04/27/2021,2867
M3C 0,04/28/2021,3015
M3C 0,04/29/2021,1580
M3C 0,04/30/2021,2577
M3C 0,05/01/2021,4451
M3C 0,05/02/2021,3500
M3C 0,05/03/2021,2227
M3C 0,05/04/2021,2360
M3C 0,05/05/2021,3204
M3C 0,05/06/2021,3954
M3C 0,05/07/2021,3519
M3C 0,05/08/2021,5159
M3C 0,05/09/2021,4214
M3C 0,05/10/2021,3097
M3C 0,05/11/2021,3092
M3C 0,05/12/2021,4791
M3C 0,05/13/2021,5247
M3C 0,05/14/2021,5617
M3C 0,05/15/2021,8535
M3C 0,05/16/2021,8894
M3C 0,05/17/2021,5331
M3C 0,05/18/2021,6112
M3C 0,05/19/2021,5919
M3C 0,05/20/2021,5805
M3C 0,05/21/2021,7512
M3C 0,05/22/2021,7642
M3C 0,05/23/2021,9207
M3C 0,05/24/2021,8779
M3C 0,05/25/2021,5631
M3C 0,05/26/2021,4713
M3C 0,05/27/2021,5498
M3C 0,05/28/2021,1788
M3C 0,05/29/2021,7249
M3C 0,05/30/2021,8853
M3C 0,05/31/2021,5923
M3C 0,06/01/2021,6269
M3C 0,06/02/2021,5805
M3C 0,06/03/2021,4758
M3C 0,06/04/2021,7103
M3C 0,06/05/2021,10737
M3C 0,06/06/2021,9028
M3C 0,06/07/2021,6009
M3C 0,06/08/2021,4534
M3C 0,06/09/2021,6680
M3C 0,06/10/2021,6627
M3C 0,06/11/2021,7345
M3C 0,06/12/2021,10269
M3C 0,06/13/2021,8321
M3C 0,06/14/2021,4510
M3C 0,06/15/2021,6756
M3C 0,06/16/2021,6864
M3C 0,06/17/2021,6952
M3C 0,06/18/2021,4996
M3C 0,06/19/2021,8470
M3C 0,06/20/2021,8199
M3C 0,06/21/2021,5178
M3C 0,06/22/2021,5986
M3C 0,06/23/2021,6737
M3C 0,06/24/2021,7177
M3C 0,06/25/2021,4200
M3C 0,06/26/2021,6648
M3C 0,06/27/2021,9023
M3C 0,06/28/2021,6117
M3C 0,06/29/2021,4148
M3C 0,06/30/2021,6850
M3C 0,07/01/2021,7608
M3C 0,07/02/2021,5849
M3C 0,07/03/2021,9181
M3C 0,07/04/2021,8029
M3C 0,07/05/2021,6312
M3C 0,07/06/2021,6494
M3C 0,07/07/2021,6668
M3C 0,07/08/2021,3553
M3C 0,07/09/2021,5495
M3C 0,07/10/2021,9620
M3C 0,07/11/2021,4988
M3C 0,07/12/2021,6181
M3C 0,07/13/2021,5548
M3C 0,07/14/2021,9263
M3C 0,07/15/2021,6003
M3C 0,07/16/2021,7489
M3C 0,07/17/2021,5908
M3C 0,07/18/2021,7926
M3C 0,07/19/2021,6475
M3C 0,07/20/2021,6056
M3C 0,07/21/2021,10141
M3C 0,07/22/2021,7889
M3C 0,07/23/2021,8298
M3C 0,07/24/2021,5432
M3C 0,07/25/2021,8185
M3C 0,07/26/2021,7058
M3C 0,07/27/2021,5609
M3C 0,07/28/2021,10248
M3C 0,07/29/2021,5984
M3C 0,07/30/2021,8140
M3C 0,07/31/2021,7108
M3C 0,08/01/2021,6945
M3C 0,08/02/2021,8347
M3C 0,08/03/2021,7332
M3C 0,08/04/2021,8204
M3C 0,08/05/2021,7894
M3C 0,08/06/2021,8180
M3C 0,08/07/2021,8137
M3C 0,08/08/2021,8348
M3C 0,08/09/2021,6879
M3C 0,08/10/2021,6657
M3C 0,08/11/2021,7224
M3C 0,08/12/2021,7406
M3C 0,08/13/2021,7758
M3C 0,08/14/2021,9791
M3C 0,08/15/2021,8428
M3C 0,08/16/2021,6955
M3C 0,08/17/2021,7526
M3C 0,08/18/2021,7550
M3C 0,08/19/2021,8284
M3C 0,08/20/2021,8770
M3C 0,08/21/2021,9561
M3C 0,08/22/2021,8237
M3C 0,08/23/2021,7289
M3C 0,08/24/2021,8058
M3C 0,08/25/2021,7922
M3C 0,08/26/2021,7431
M3C 0,08/27/2021,9047
M3C 0,08/28/2021,8818
M3C 0,08/29/2021,7224
M3C 0,08/30/2021,7444
M3C 0,08/31/2021,8085
M3C 0,09/01/2021,8108
M3C 0,09/02/2021,8502
M3C 0,09/03/2021,8295
M3C 0,09/04/2021,9293
M3C 0,09/05/2021,8874
M3C 0,09/06/2021,7778
M3C 0,09/07/2021,6120
M3C 0,09/08/2021,7644
M3C 0,09/09/2021,7705
M3C 0,09/10/2021,8263
M3C 0,09/11/2021,9011
M3C 0,09/12/2021,6685
M3C 0,09/13/2021,7450
M3C 0,09/14/2021,7365
M3C 0,09/15/2021,7779
M3C 0,09/16/2021,8462
M3C 0,09/17/2021,8854
M3C 0,09/18/2021,9965
M3C 0,09/19/2021,8297
M3C 0,09/20/2021,7892
M3C 0,09/21/2021,6280
M3C 0,09/22/2021,2811
M3C 0,09/23/2021,6470
M3C 0,09/24/2021,7754
M3C 0,09/25/2021,6576
M3C 0,09/26/2021,7378
M3C 0,09/27/2021,6854
M3C 0,09/28/2021,7777
M3C 0,09/29/2021,7839
M3C 0,09/30/2021,7750
M3C 0,10/01/2021,8376
M3C 0,10/02/2021,8911
M3C 0,10/03/2021,4014
M3C 0,10/04/2021,5291
M3C 0,10/05/2021,7300
M3C 0,10/06/2021,7651
M3C 0,10/07/2021,7629
M3C 0,10/08/2021,7666
M3C 0,10/09/2021,4771
M3C 0,10/10/2021,6701
M3C 0,10/11/2021,6698
M3C 0,10/12/2021,7719
M3C 0,10/13/2021,7966
M3C 0,10/14/2021,8061
M3C 0,10/15/2021,5699
M3C 0,10/16/2021,5430
M3C 0,10/17/2021,5644
M3C 0,10/18/2021,6432
M3C 0,10/19/2021,7367
M3C 0,10/20/2021,7027
M3C 0,10/21/2021,5627
M3C 0,10/22/2021,6578
M3C 0,10/23/2021,5836
M3C 0,10/24/2021,5556
M3C 0,10/25/2021,2583
M3C 0,10/26/2021,3354
M3C 0,10/27/2021,7304
M3C 0,10/28/2021,6299
M3C 0,10/29/2021,4900
M3C 0,10/30/2021,3113
M3C 0,10/31/2021,4997
M3C 0,11/01/2021,5249
M3C 0,11/02/2021,5396
M3C 0,11/03/2021,5568
M3C 0,11/04/2021,5332
M3C 0,11/05/2021,5685
M3C 0,11/06/2021,5296
M3C 0,11/07/2021,5454
M3C 0,11/08/2021,5676
M3C 0,11/09/2021,4499
M3C 0,11/10/2021,5752
M3C 0,11/11/2021,5615
M3C 0,11/12/2021,5486
M3C 0,11/13/2021,4375
M3C 0,11/14/2021,2086
M3C 0,11/15/2021,4368
M3C 0,11/16/2021,4778
M3C 0,11/17/2021,4633
M3C 0,11/18/2021,4837
M3C 0,11/19/2021,4948
M3C 0,11/20/2021,4027
M3C 0,11/21/2021,3035
M3C 0,11/22/2021,3893
M3C 0,11/23/2021,4491
M3C 0,11/24/2021,4690
M3C 0,11/25/2021,3596
M3C 0,11/26/2021,3884
M3C 0,11/27/2021,3252
M3C 0,11/28/2021,959
M3C 0,11/29/2021,2406
M3C 0,11/30/2021,2867
M3C 0,12/01/2021,4025
M3C 0,12/02/2021,3857
M3C 0,12/03/2021,4026
M3C 0,12/04/2021,3097
M3C 0,12/05/2021,2288
M3C 0,12/06/2021,2846
M3C 0,12/07/2021,3299
M3C 0,12/08/2021,2148
M3C 0,12/09/2021,2732
M3C 0,12/10/2021,3680
M3C 0,12/11/2021,2938
M3C 0,12/12/2021,2826
M3C 0,12/13/2021,3643
M3C 0,12/14/2021,3685
M3C 0,12/15/2021,3184
M3C 0,12/16/2021,3861
M3C 0,12/17/2021,3857
M3C 0,12/18/2021,968
M3C 0,12/19/2021,1328
M3C 0,12/20/2021,2222
M3C 0,12/21/2021,2479
M3C 0,12/22/2021,1995
M3C 0,12/23/2021,2025
M3C 0,12/24/2021,1530
M3C 0,12/25/2021,790
M3C 0,12/26/2021,1298
M3C 0,12/27/2021,733
M3C 0,12/28/2021,1690
M3C 0,12/29/2021,1871
M3C 0,12/30/2021,2088
M3C 0,12/31/2021,2467
M3C 0,01/01/2022,1430
M3C 0,01/02/2022,636
M3C 0,01/03/2022,1154
M3C 0,01/04/2022,1790
M3C 0,01/05/2022,1587
M3C 0,01/06/2022,1627
M3C 0,01/07/2022,1589
M3C 0,01/08/2022,1382
M3C 0,01/09/2022,1292
M3C 0,01/10/2022,1182
M3C 0,01/11/2022,1013
M3C 0,01/12/2022,1832
M3C 0,01/13/2022,1957
M3C 0,01/14/2022,1515
M3C 0,01/15/2022,851
M3C 0,01/16/2022,1189
M3C 0,01/17/2022,121
M3C 0,01/18/2022,263
M3C 0,01/19/2022,556
M3C 0,01/20/2022,498
M3C 0,01/21/2022,663
M3C 0,01/22/2022,595
M3C 0,01/23/2022,462
M3C 0,01/24/2022,432
M3C 0,01/25/2022,553
M3C 0,01/26/2022,568
M3C 0,01/27/2022,662
M3C 0,01/28/2022,702
M3C 0,01/29/2022,568
M3C 0,01/30/2022,603
M3C 0,01/31/2022,1113
M3C 0,02/01/2022,1456
M3C 0,02/02/2022,898
M3C 0,02/03/2022,635
M3C 0,02/04/2022,653
M3C 0,02/05/2022,873
M3C 0,02/06/2022,991
M3C 0,02/07/2022,1609
M3C 0,02/08/2022,1620
M3C 0,02/09/2022,2111
M3C 0,02/10/2022,1985
M3C 0,02/11/2022,1618
M3C 0,02/12/2022,1565
M3C 0,02/13/2022,1081
M3C 0,02/14/2022,1513
M3C 0,02/15/2022,1821
M3C 0,02/16/2022,2298
M3C 0,02/17/2022,864
M3C 0,02/18/2022,661
M3C 0,02/19/2022,660
M3C 0,02/20/2022,888
M3C 0,02/21/2022,1421
M3C 0,02/22/2022,1464
M3C 0,02/23/2022,1766
M3C 0,02/24/2022,1665
M3C 0,02/25/2022,855
M3C 0,02/26/2022,1264
M3C 0,02/27/2022,1013
M3C 0,02/28/2022,1759
M3C 0,03/01/2022,2434
M3C 0,03/02/2022,2583
M3C 0,03/03/2022,2187
M3C 0,03/04/2022,2495
M3C 0,03/05/2022,2029
M3C 0,03/06/2022,2954
M3C 0,03/07/2022,1618
M3C 0,03/08/2022,2742
M3C 0,03/09/2022,3092
M3C 0,03/10/2022,3191
M3C 0,03/11/2022,1702
M3C 0,03/12/2022,1251
M3C 0,03/13/2022,1089
M3C 0,03/14/2022,2628
M3C 0,03/15/2022,1626
M3C 0,03/16/2022,2736
M3C 0,03/17/2022,4309
M3C 0,03/18/2022,4033
M3C 0,03/19/2022,2031
M3C 0,03/20/2022,3501
M3C 0,03/21/2022,3989
M3C 0,03/22/2022,3483
M3C 0,03/23/2022,1887
M3C 0,03/24/2022,3659
M3C 0,03/25/2022,3586
M3C 0,03/26/2022,2443
M3C 0,03/27/2022,1366
M3C 0,03/28/2022,1968
M3C 0,03/29/2022,2845
M3C 0,03/30/2022,2298
M3C 0,03/31/2022,3673
M3C 0,04/01/2022,2532
M3C 0,04/02/2022,3323
M3C 0,04/03/2022,2523
M3C 0,04/04/2022,3543
M3C 0,04/05/2022,3680
M3C 0,04/06/2022,3605
M3C 0,04/07/2022,4045
M3C 0,04/08/2022,4067
M3C 0,04/09/2022,3415
M3C 0,04/10/2022,3539
M3C 0,04/11/2022,3618
M3C 0,04/12/2022,5463
M3C 0,04/13/2022,4037
M3C 0,04/14/2022,5021
M3C 0,04/15/2022,3569
M3C 0,04/16/2022,4108
M3C 0,04/17/2022,3564
M3C 0,04/18/2022,2230
M3C 0,04/19/2022,2884
M3C 0,04/20/2022,4466
M3C 0,04/21/2022,3728
M3C 0,04/22/2022,5909
M3C 0,04/23/2022,4111
M3C 0,04/24/2022,5740
M3C 0,04/25/2022,3646
M3C 0,04/26/2022,4825
M3C 0,04/27/2022,4097
M3C 0,04/28/2022,5414
M3C 0,04/29/2022,5816
M3C 0,04/30/2022,7087
M3C 0,05/01/2022,3135
M3C 0,05/02/2022,4687
M3C 0,05/03/2022,3415
M3C 0,05/04/2022,6237
M3C 0,05/05/2022,6396
M3C 0,05/06/2022,6159
M3C 0,05/07/2022,7066
M3C 0,05/08/2022,6390
M3C 0,05/09/2022,6504
M3C 0,05/10/2022,7337
M3C 0,05/11/2022,9003
M3C 0,05/12/2022,8502
M3C 0,05/13/2022,8514
M3C 0,05/14/2022,11129
M3C 0,05/15/2022,9247
M3C 0,05/16/2022,5647
M3C 0,05/17/2022,7059
M3C 0,05/18/2022,7859
M3C 0,05/19/2022,7015
M3C 0,05/20/2022,8144
M3C 0,05/21/2022,7601
M3C 0,05/22/2022,6488
M3C 0,05/23/2022,8364
M3C 0,05/24/2022,7747
M3C 0,05/25/2022,8284
M3C 0,05/26/2022,8150
M3C 0,05/27/2022,6948
M3C 0,05/28/2022,10769
M3C 0,05/29/2022,10052
M3C 0,05/30/2022,8759
M3C 0,05/31/2022,9026
M3C 0,06/01/2022,7456
M3C 0,06/02/2022,8998
M3C 0,06/03/2022,9723
M3C 0,06/04/2022,11577
M3C 0,06/05/2022,9986
M3C 0,06/06/2022,5495
M3C 0,06/07/2022,4924
M3C 0,06/08/2022,9064
M3C 0,06/09/2022,8101
M3C 0,06/10/2022,10006
M3C 0,06/11/2022,10482
M3C 0,06/12/2022,8228
M3C 0,06/13/2022,8877
M3C 0,06/14/2022,9973
M3C 0,06/15/2022,9641
M3C 0,06/16/2022,9392
M3C 0,06/17/2022,10026
M3C 0,06/18/2022,10302
M3C 0,06/19/2022,9379
M3C 0,06/20/2022,8672
M3C 0,06/21/2022,10417
M3C 0,06/22/2022,10171
M3C 0,06/23/2022,11072
M3C 0,06/24/2022,11036
M3C 0,06/25/2022,11990
M3C 0,06/26/2022,10282
M3C 0,06/27/2022,9107
M3C 0,06/28/2022,10186
M3C 0,06/29/2022,9596
M3C 0,06/30/2022,10440
M3C 0,07/01/2022,9586
M3C 0,07/02/2022,11375
M3C 0,07/03/2022,10393
M3C 0,07/04/2022,9178
M3C 0,07/05/2022,7256
M3C 0,07/06/2022,10506
M3C 0,07/07/2022,9122
M3C 0,07/08/2022,1990
M3C 0,07/09/2022,11606
M3C 0,07/10/2022,11186
M3C 0,07/11/2022,9207
M3C 0,07/12/2022,10428
M3C 0,07/13/2022,10209
M3C 0,07/14/2022,11576
M3C 0,07/15/2022,11410
M3C 0,07/16/2022,11978
M3C 0,07/17/2022,10577
M3C 0,07/18/2022,7489
M3C 0,07/19/2022,10568
M3C 0,07/20/2022,10052
M3C 0,07/21/2022,11209
M3C 0,07/22/2022,11031
M3C 0,07/23/2022,11796
M3C 0,07/24/2022,8207
M3C 0,07/25/2022,9788
M3C 0,07/26/2022,11342
M3C 0,07/27/2022,11545
M3C 0,07/28/2022,10803
M3C 0,07/29/2022,11198
M3C 0,07/30/2022,11974
M3C 0,07/31/2022,10769
M3C 0,08/01/2022,9095
M3C 0,08/02/2022,10866
M3C 0,08/03/2022,10461
M3C 0,08/04/2022,9180
M3C 0,08/05/2022,11368
M3C 0,08/06/2022,11191
M3C 0,08/07/2022,9772
M3C 0,08/08/2022,8424
M3C 0,08/09/2022,11065
M3C 0,08/10/2022,11378
M3C 0,08/11/2022,11677
M3C 0,08/12/2022,11346
M3C 0,08/13/2022,12343
M3C 0,08/14/2022,10533
M3C 0,08/15/2022,10730
M3C 0,08/16/2022,11195
M3C 0,08/17/2022,11072
M3C 0,08/18/2022,10789
M3C 0,08/19/2022,10471
M3C 0,08/20/2022,11449
M3C 0,08/21/2022,8494
M3C 0,08/22/2022,6149
M3C 0,08/23/2022,10487
M3C 0,08/24/2022,10895
M3C 0,08/25/2022,9870
M3C 0,08/26/2022,10628
M3C 0,08/27/2022,11026
M3C 0,08/28/2022,10099
M3C 0,08/29/2022,9612
M3C 0,08/30/2022,8300
M3C 0,08/31/2022,11303
M3C 0,09/01/2022,10696
M3C 0,09/02/2022,10571
M3C 0,09/03/2022,9798
M3C 0,09/04/2022,8861
M3C 0,09/05/2022,8175
M3C 0,09/06/2022,10754
M3C 0,09/07/2022,10229
M3C 0,09/08/2022,11253
M3C 0,09/09/2022,11270
M3C 0,09/10/2022,11233
M3C 0,09/11/2022,9627
M3C 0,09/12/2022,8275
M3C 0,09/13/2022,10829
M3C 0,09/14/2022,11201
M3C 0,09/15/2022,10491
M3C 0,09/16/2022,9846
M3C 0,09/17/2022,9549
M3C 0,09/18/2022,7144
M3C 0,09/19/2022,9056
M3C 0,09/20/2022,11038
M3C 0,09/21/2022,10600
M3C 0,09/22/2022,9788
M3C 0,09/23/2022,9311
M3C 0,09/24/2022,8615
M3C 0,09/25/2022,4308
M3C 0,09/26/2022,6801
M3C 0,09/27/2022,7025
M3C 0,09/28/2022,9279
M3C 0,09/29/2022,9794
M3C 0,09/30/2022,9850
M3C 0,10/01/2022,9595
M3C 0,10/02/2022,8320
M3C 0,10/03/2022,8595
M3C 0,10/04/2022,9329
M3C 0,10/05/2022,10166
M3C 0,10/06/2022,9537
M3C 0,10/07/2022,8065
M3C 0,10/08/2022,5996
M3C 0,10/09/2022,6127
M3C 0,10/10/2022,5629
M3C 0,10/11/2022,9560
M3C 0,10/12/2022,9517
M3C 0,10/13/2022,7327
M3C 0,10/14/2022,8272
M3C 0,10/15/2022,6641
M3C 0,10/16/2022,7795
M3C 0,10/17/2022,7026
M3C 0,10/18/2022,6497
M3C 0,10/19/2022,6749
M3C 0,10/20/2022,6890
M3C 0,10/21/2022,7887
M3C 0,10/22/2022,8835
M3C 0,10/23/2022,7771
M3C 0,10/24/2022,8223
M3C 0,10/25/2022,8712
M3C 0,10/26/2022,6094
M3C 0,10/27/2022,8288
M3C 0,10/28/2022,7690
M3C 0,10/29/2022,7046
M3C 0,10/30/2022,6229
M3C 0,10/31/2022,5203
M3C 0,11/01/2022,7893
M3C 0,11/02/2022,7875
M3C 0,11/03/2022,7324
M3C 0,11/04/2022,7788
M3C 0,11/05/2022,8014
M3C 0,11/06/2022,6955
M3C 0,11/07/2022,6667
M3C 0,11/08/2022,7078
M3C 0,11/09/2022,6807
M3C 0,11/10/2022,7996
M3C 0,11/11/2022,4288
M3C 0,11/12/2022,4937
M3C 0,11/13/2022,3894
M3C 0,11/14/2022,5417
M3C 0,11/15/2022,3647
M3C 0,11/16/2022,2160
M3C 0,11/17/2022,3749
M3C 0,11/18/2022,3877
M3C 0,11/19/2022,2859
M3C 0,11/20/2022,2099
M3C 0,11/21/2022,3804
M3C 0,11/22/2022,5072
M3C 0,11/23/2022,5632
M3C 0,11/24/2022,5609
M3C 0,11/25/2022,5332
M3C 0,11/26/2022,4740
M3C 0,11/27/2022,2569
M3C 0,11/28/2022,4838
M3C 0,11/29/2022,5473
M3C 0,11/30/2022,2950
M3C 0,12/01/2022,4287
M3C 0,12/02/2022,4384
M3C 0,12/03/2022,2878
M3C 0,12/04/2022,3295
M3C 0,12/05/2022,4405
M3C 0,12/06/2022,4956
M3C 0,12/07/2022,5176
M3C 0,12/08/2022,4979
M3C 0,12/09/2022,4158
M3C 0,12/10/2022,3059
M3C 0,12/11/2022,1153
M3C 0,12/12/2022,2959
M3C 0,12/13/2022,3709
M3C 0,12/14/2022,3322
M3C 0,12/15/2022,1440
M3C 0,12/16/2022,3537
M3C 0,12/17/2022,2884
M3C 0,12/18/2022,2520
M3C 0,12/19/2022,3178
M3C 0,12/20/2022,3990
M3C 0,12/21/2022,3623
M3C 0,12/22/2022,3237
M3C 0,12/23/2022,325
M3C 0,12/24/2022,425
M3C 0,12/25/2022,472
M3C 0,12/26/2022,961
M3C 0,12/27/2022,1556
M3C 0,12/28/2022,2438
M3C 0,12/29/2022,2989
M3C 0,12/30/2022,2568
M3C 0,12/31/2022,1400
M3C 0,01/01/2023,1836
M3C 0,01/02/2023,2720
M3C 0,01/03/2023,2667
M3C 0,01/04/2023,1746
M3C 0,01/05/2023,3238
M3C 0,01/06/2023,3518
M3C 0,01/07/2023,2961
M3C 0,01/08/2023,2535
M3C 0,01/09/2023,3860
M3C 0,01/10/2023,4224
M3C 0,01/11/2023,4040
M3C 0,01/12/2023,3459
M3C 0,01/13/2023,1798
M3C 0,01/14/2023,2160
M3C 0,01/15/2023,2465
M3C 0,01/16/2023,3600
M3C 0,01/17/2023,3363
M3C 0,01/18/2023,4740
M3C 0,01/19/2023,2985
M3C 0,01/20/2023,4235
M3C 0,01/21/2023,3637
M3C 0,01/22/2023,2084
M3C 0,01/23/2023,3655
M3C 0,01/24/2023,4389
M3C 0,01/25/2023,1855
M3C 0,01/26/2023,2215
M3C 0,01/27/2023,3021
M3C 0,01/28/2023,2740
M3C 0,01/29/2023,1727
M3C 0,01/30/2023,3279
M3C 0,01/31/2023,3388
M3C 0,02/01/2023,3117
M3C 0,02/02/2023,3343
M3C 0,02/03/2023,1740
M3C 0,02/04/2023,1363
M3C 0,02/05/2023,2726
M3C 0,02/06/2023,3524
M3C 0,02/07/2023,4427
M3C 0,02/08/2023,4875
M3C 0,02/09/2023,1900
M3C 0,02/10/2023,4211
M3C 0,02/11/2023,3636
M3C 0,02/12/2023,4032
M3C 0,02/13/2023,4315
M3C 0,02/14/2023,5159
M3C 0,02/15/2023,5172
M3C 0,02/16/2023,4098
M3C 0,02/17/2023,3102
M3C 0,02/18/2023,3448
M3C 0,02/19/2023,3907
M3C 0,02/20/2023,3821
M3C 0,02/21/2023,4102
M3C 0,02/22/2023,2143
M3C 0,02/23/2023,695
M3C 0,02/24/2023,1578
M3C 0,02/25/2023,1293
M3C 0,02/26/2023,2401
M3C 0,02/27/2023,2036
M3C 0,02/28/2023,2880
M3C 0,03/01/2023,3672
M3C 0,03/02/2023,4221
M3C 0,03/03/2023,3098
M3C 0,03/04/2023,1526
M3C 0,03/05/2023,2734
M3C 0,03/06/2023,3923
M3C 0,03/07/2023,4104
M3C 0,03/08/2023,4405
M3C 0,03/09/2023,4472
M3C 0,03/10/2023,1647
M3C 0,03/11/2023,2422
M3C 0,03/12/2023,2401
M3C 0,03/13/2023,2691
M3C 0,03/14/2023,3502
M3C 0,03/15/2023,4307
M3C 0,03/16/2023,5004
M3C 0,03/17/2023,3429
M3C 0,03/18/2023,2956
M3C 0,03/19/2023,2340
M3C 0,03/20/2023,4291
M3C 0,03/21/2023,5373
M3C 0,03/22/2023,5046
M3C 0,03/23/2023,4223
M3C 0,03/24/2023,4962
M3C 0,03/25/2023,1826
M3C 0,03/26/2023,4903
M3C 0,03/27/2023,3936
M3C 0,03/28/2023,5772
M3C 0,03/29/2023,4606
M3C 0,03/30/2023,5083
M3C 0,03/31/2023,2852
M3C 0,1/1/2018,250
M3C 0,1/2/2018,1055
M3C 0,1/3/2018,1355
M3C 0,1/4/2018,1301
M3C 0,1/5/2018,871
M3C 0,1/6/2018,406
M3C 0,1/7/2018,550
M3C 0,1/8/2018,1087
M3C 0,1/9/2018,2135
M3C 0,1/10/2018,2118
M3C 0,1/11/2018,1929
M3C 0,1/12/2018,798
M3C 0,1/13/2018,572
M3C 0,1/14/2018,639
M3C 0,1/15/2018,1424
M3C 0,1/16/2018,1627
M3C 0,1/17/2018,1897
M3C 0,1/18/2018,2074
M3C 0,1/19/2018,2357
M3C 0,1/20/2018,1509
M3C 0,1/21/2018,1301
M3C 0,1/22/2018,1458
M3C 0,1/23/2018,2726
M3C 0,1/24/2018,2449
M3C 0,1/25/2018,2482
M3C 0,1/26/2018,2817
M3C 0,1/27/2018,1493
M3C 0,1/28/2018,1576
M3C 0,1/29/2018,1874
M3C 0,1/30/2018,1309
M3C 0,1/31/2018,1628
M3C 0,2/1/2018,2390
M3C 0,2/2/2018,1802
M3C 0,2/3/2018,915
M3C 0,2/4/2018,559
M3C 0,2/5/2018,1597
M3C 0,2/6/2018,2159
M3C 0,2/7/2018,787
M3C 0,2/8/2018,1434
M3C 0,2/9/2018,997
M3C 0,2/10/2018,321
M3C 0,2/11/2018,344
M3C 0,2/12/2018,1617
M3C 0,2/13/2018,1944
M3C 0,2/14/2018,2492
M3C 0,2/15/2018,2553
M3C 0,2/16/2018,2343
M3C 0,2/17/2018,1051
M3C 0,2/18/2018,1208
M3C 0,2/19/2018,767
M3C 0,2/20/2018,2031
M3C 0,2/21/2018,2194
M3C 0,2/22/2018,2797
M3C 0,2/23/2018,2450
M3C 0,2/24/2018,1856
M3C 0,2/25/2018,1940
M3C 0,2/26/2018,3555
M3C 0,2/27/2018,4171
M3C 0,2/28/2018,4133
M3C 0,3/1/2018,3504
M3C 0,3/2/2018,2659
M3C 0,3/3/2018,2091
M3C 0,3/4/2018,1638
M3C 0,3/5/2018,3201
M3C 0,3/6/2018,3143
M3C 0,3/7/2018,3620
M3C 0,3/8/2018,3467
M3C 0,3/9/2018,3356
M3C 0,3/10/2018,1921
M3C 0,3/11/2018,1742
M3C 0,3/12/2018,3099
M3C 0,3/13/2018,3099
M3C 0,3/14/2018,3148
M3C 0,3/15/2018,3223
M3C 0,3/16/2018,2795
M3C 0,3/17/2018,1997
M3C 0,3/18/2018,1903
M3C 0,3/19/2018,3062
M3C 0,3/20/2018,3479
M3C 0,3/21/2018,3757
M3C 0,3/22/2018,3690
M3C 0,3/23/2018,3515
M3C 0,3/24/2018,2164
M3C 0,3/25/2018,1749
M3C 0,3/26/2018,3760
M3C 0,3/27/2018,2594
M3C 0,3/28/2018,4281
M3C 0,3/29/2018,2350
M3C 0,3/30/2018,2178
M3C 0,3/31/2018,1965
M3C 0,4/1/2018,1742
M3C 0,4/2/2018,3330
M3C 0,4/3/2018,2907
M3C 0,4/4/2018,2969
M3C 0,4/5/2018,3610
M3C 0,4/6/2018,2944
M3C 0,4/7/2018,2008
M3C 0,4/8/2018,1785
M3C 0,4/9/2018,3776
M3C 0,4/10/2018,4023
M3C 0,4/11/2018,3357
M3C 0,4/12/2018,3342
M3C 0,4/13/2018,2944
M3C 0,4/14/2018,382
M3C 0,4/15/2018,108
M3C 0,4/16/2018,535
M3C 0,4/17/2018,2292
M3C 0,4/18/2018,3360
M3C 0,4/19/2018,3575
M3C 0,4/20/2018,4070
M3C 0,4/21/2018,3719
M3C 0,4/22/2018,4320
M3C 0,4/23/2018,5343
M3C 0,4/24/2018,4517
M3C 0,4/25/2018,1662
M3C 0,4/26/2018,5755
M3C 0,4/27/2018,5643
M3C 0,4/28/2018,1885
M3C 0,4/29/2018,3236
M3C 0,4/30/2018,6234
M3C 0,5/1/2018,7463
M3C 0,5/2/2018,7519
M3C 0,5/3/2018,4362
M3C 0,5/4/2018,4658
M3C 0,5/5/2018,5637
M3C 0,5/6/2018,3938
M3C 0,5/7/2018,6868
M3C 0,5/8/2018,7659
M3C 0,5/9/2018,7802
M3C 0,5/10/2018,6047
M3C 0,5/11/2018,6199
M3C 0,5/12/2018,4447
M3C 0,5/13/2018,4894
M3C 0,5/14/2018,7383
M3C 0,5/15/2018,4994
M3C 0,5/16/2018,7518
M3C 0,5/17/2018,8011
M3C 0,5/18/2018,6780
M3C 0,5/19/2018,2620
M3C 0,5/20/2018,5505
M3C 0,5/21/2018,5820
M3C 0,5/22/2018,5561
M3C 0,5/23/2018,8212
M3C 0,5/24/2018,8658
M3C 0,5/25/2018,8754
M3C 0,5/26/2018,7105
M3C 0,5/27/2018,8100
M3C 0,5/28/2018,8630
M3C 0,5/29/2018,8714
M3C 0,5/30/2018,8597
M3C 0,5/31/2018,7089
M3C 0,6/1/2018,8275
M3C 0,6/2/2018,6744
M3C 0,6/3/2018,4571
M3C 0,6/4/2018,7365
M3C 0,6/5/2018,7743
M3C 0,6/6/2018,10035
M3C 0,6/7/2018,8740
M3C 0,6/8/2018,8666
M3C 0,6/9/2018,7320
M3C 0,6/10/2018,6705
M3C 0,6/11/2018,8285
M3C 0,6/12/2018,8359
M3C 0,6/13/2018,8668
M3C 0,6/14/2018,8945
M3C 0,6/15/2018,9149
M3C 0,6/16/2018,7681
M3C 0,6/17/2018,5988
M3C 0,6/18/2018,7332
M3C 0,6/19/2018,9321
M3C 0,6/20/2018,12656
M3C 0,6/21/2018,9560
M3C 0,6/22/2018,8343
M3C 0,6/23/2018,3916
M3C 0,6/24/2018,3409
M3C 0,6/25/2018,9028
M3C 0,6/26/2018,9261
M3C 0,6/27/2018,9096
M3C 0,6/28/2018,9194
M3C 0,6/29/2018,8698
M3C 0,6/30/2018,6208
M3C 0,7/1/2018,6338
M3C 0,7/2/2018,5392
M3C 0,7/3/2018,8803
M3C 0,7/4/2018,9647
M3C 0,7/5/2018,7798
M3C 0,7/6/2018,9163
M3C 0,7/7/2018,7536
M3C 0,7/8/2018,7283
M3C 0,7/9/2018,8665
M3C 0,7/10/2018,8945
M3C 0,7/11/2018,9283
M3C 0,7/12/2018,9263
M3C 0,7/13/2018,8641
M3C 0,7/14/2018,6126
M3C 0,7/15/2018,6554
M3C 0,7/16/2018,7182
M3C 0,7/17/2018,9287
M3C 0,7/18/2018,9726
M3C 0,7/19/2018,9598
M3C 0,7/20/2018,9302
M3C 0,7/21/2018,7428
M3C 0,7/22/2018,3733
M3C 0,7/23/2018,8067
M3C 0,7/24/2018,8064
M3C 0,7/25/2018,9088
M3C 0,7/26/2018,8022
M3C 0,7/27/2018,8836
M3C 0,7/28/2018,6831
M3C 0,7/29/2018,6877
M3C 0,7/30/2018,8656
M3C 0,7/31/2018,9269
M3C 0,8/1/2018,8614
M3C 0,8/2/2018,8910
M3C 0,8/3/2018,8122
M3C 0,8/4/2018,6667
M3C 0,8/5/2018,6240
M3C 0,8/6/2018,4316
M3C 0,8/7/2018,8230
M3C 0,8/8/2018,5200
M3C 0,8/9/2018,8322
M3C 0,8/10/2018,8947
M3C 0,8/11/2018,7558
M3C 0,8/12/2018,6766
M3C 0,8/13/2018,8817
M3C 0,8/14/2018,9258
M3C 0,8/15/2018,8967
M3C 0,8/16/2018,8624
M3C 0,8/17/2018,6327
M3C 0,8/18/2018,7092
M3C 0,8/19/2018,7183
M3C 0,8/20/2018,8566
M3C 0,8/21/2018,4203
M3C 0,8/22/2018,7813
M3C 0,8/23/2018,8678
M3C 0,8/24/2018,8474
M3C 0,8/25/2018,5133
M3C 0,8/26/2018,5952
M3C 0,8/27/2018,6579
M3C 0,8/28/2018,8167
M3C 0,8/29/2018,8504
M3C 0,8/30/2018,8194
M3C 0,8/31/2018,8184
M3C 0,9/1/2018,6362
M3C 0,9/2/2018,6104
M3C 0,9/3/2018,5921
M3C 0,9/4/2018,8253
M3C 0,9/5/2018,8154
M3C 0,9/6/2018,8441
M3C 0,9/7/2018,8651
M3C 0,9/8/2018,5903
M3C 0,9/9/2018,4350
M3C 0,9/10/2018,1584
M3C 0,9/11/2018,7948
M3C 0,9/12/2018,8248
M3C 0,9/13/2018,8192
M3C 0,9/14/2018,8290
M3C 0,9/15/2018,6668
M3C 0,9/16/2018,6234
M3C 0,9/17/2018,8343
M3C 0,9/18/2018,8752
M3C 0,9/19/2018,8381
M3C 0,9/20/2018,7868
M3C 0,9/21/2018,7396
M3C 0,9/22/2018,5295
M3C 0,9/23/2018,5266
M3C 0,9/24/2018,7081
M3C 0,9/25/2018,5008
M3C 0,9/26/2018,7757
M3C 0,9/27/2018,7537
M3C 0,9/28/2018,7066
M3C 0,9/29/2018,5095
M3C 0,9/30/2018,3799
M3C 0,10/1/2018,4246
M3C 0,10/2/2018,3551
M3C 0,10/3/2018,6653
M3C 0,10/4/2018,6744
M3C 0,10/5/2018,5994
M3C 0,10/6/2018,2803
M3C 0,10/7/2018,2508
M3C 0,10/8/2018,2803
M3C 0,10/9/2018,7959
M3C 0,10/10/2018,8171
M3C 0,10/11/2018,7186
M3C 0,10/12/2018,5879
M3C 0,10/13/2018,3530
M3C 0,10/14/2018,3848
M3C 0,10/15/2018,4350
M3C 0,10/16/2018,5373
M3C 0,10/17/2018,5512
M3C 0,10/18/2018,5121
M3C 0,10/19/2018,5424
M3C 0,10/20/2018,3515
M3C 0,10/21/2018,2856
M3C 0,10/22/2018,5570
M3C 0,10/23/2018,4618
M3C 0,10/24/2018,5410
M3C 0,10/25/2018,5227
M3C 0,10/26/2018,5032
M3C 0,10/27/2018,1692
M3C 0,10/28/2018,1833
M3C 0,10/29/2018,4533
M3C 0,10/30/2018,5592
M3C 0,10/31/2018,3439
M3C 0,11/1/2018,2668
M3C 0,11/2/2018,3100
M3C 0,11/3/2018,2513
M3C 0,11/4/2018,2479
M3C 0,11/5/2018,3794
M3C 0,11/6/2018,3680
M3C 0,11/7/2018,4251
M3C 0,11/8/2018,4206
M3C 0,11/9/2018,1986
M3C 0,11/10/2018,1793
M3C 0,11/11/2018,1830
M3C 0,11/12/2018,3664
M3C 0,11/13/2018,4008
M3C 0,11/14/2018,3920
M3C 0,11/15/2018,2670
M3C 0,11/16/2018,2192
M3C 0,11/17/2018,1805
M3C 0,11/18/2018,1721
M3C 0,11/19/2018,3993
M3C 0,11/20/2018,3502
M3C 0,11/21/2018,3082
M3C 0,11/22/2018,2749
M3C 0,11/23/2018,3376
M3C 0,11/24/2018,1254
M3C 0,11/25/2018,1878
M3C 0,11/26/2018,1118
M3C 0,11/27/2018,2964
M3C 0,11/28/2018,3378
M3C 0,11/29/2018,3659
M3C 0,11/30/2018,3268
M3C 0,12/1/2018,1678
M3C 0,12/2/2018,1643
M3C 0,12/3/2018,2958
M3C 0,12/4/2018,3525
M3C 0,12/5/2018,3502
M3C 0,12/6/2018,3274
M3C 0,12/7/2018,2690
M3C 0,12/8/2018,1405
M3C 0,12/9/2018,1374
M3C 0,12/10/2018,3340
M3C 0,12/11/2018,3042
M3C 0,12/12/2018,3223
M3C 0,12/13/2018,3113
M3C 0,12/14/2018,2516
M3C 0,12/15/2018,1987
M3C 0,12/16/2018,1545
M3C 0,12/17/2018,3117
M3C 0,12/18/2018,3273
M3C 0,12/19/2018,3365
M3C 0,12/20/2018,3215
M3C 0,12/21/2018,2627
M3C 0,12/22/2018,1299
M3C 0,12/23/2018,1102
M3C 0,12/24/2018,1190
M3C 0,12/25/2018,464
M3C 0,12/26/2018,934
M3C 0,12/27/2018,1475
M3C 0,12/28/2018,1830
M3C 0,12/29/2018,1013
M3C 0,12/30/2018,870
M3C 0,12/31/2018,1189
